﻿<?xml version="1.0" encoding="utf-8"?>
<Document>
  <Engineering version="V14 SP1" />
  <DocumentInfo>
    <Created>2019-05-21T09:09:41.2573382Z</Created>
    <ExportSetting>WithDefaults</ExportSetting>
    <InstalledProducts>
      <Product>
        <DisplayName>Totally Integrated Automation Portal</DisplayName>
        <DisplayVersion>V14 SP1 Update 5</DisplayVersion>
      </Product>
      <OptionPackage>
        <DisplayName>TIA Portal Openness</DisplayName>
        <DisplayVersion>V14 SP1</DisplayVersion>
      </OptionPackage>
      <Product>
        <DisplayName>SINAMICS Startdrive</DisplayName>
        <DisplayVersion>V14 SP1</DisplayVersion>
      </Product>
      <Product>
        <DisplayName>STEP 7 Professional</DisplayName>
        <DisplayVersion>V14 SP1 Update 5</DisplayVersion>
      </Product>
      <Product>
        <DisplayName>WinCC Advanced</DisplayName>
        <DisplayVersion>V14 SP1 Update 5</DisplayVersion>
      </Product>
      <OptionPackage>
        <DisplayName>SIMATIC Visualization Architect</DisplayName>
        <DisplayVersion>V14 SP1</DisplayVersion>
      </OptionPackage>
    </InstalledProducts>
  </DocumentInfo>
  <Hmi.TextGraphicList.TextList ID="0">
    <AttributeList>
      <ListRange>Decimal</ListRange>
      <Name>123</Name>
    </AttributeList>
    <ObjectList>
      <Hmi.TextGraphicList.TextListEntry ID="9" CompositionName="Entries">
        <AttributeList>
          <DefaultEntry>false</DefaultEntry>
          <EntryType>SingleValue</EntryType>
          <From>3</From>
          <To>3</To>
        </AttributeList>
        <ObjectList>
          <MultilingualText ID="A" CompositionName="Text">
            <ObjectList>
              <MultilingualTextItem ID="B" CompositionName="Items">
                <AttributeList>
                  <Culture>zh-CN</Culture>
                  <Text>
                    <body>
                      <p>结束</p>
                    </body>
                  </Text>
                </AttributeList>
              </MultilingualTextItem>
            </ObjectList>
          </MultilingualText>
        </ObjectList>
      </Hmi.TextGraphicList.TextListEntry>
      <Hmi.TextGraphicList.TextListEntry ID="6" CompositionName="Entries">
        <AttributeList>
          <DefaultEntry>false</DefaultEntry>
          <EntryType>SingleValue</EntryType>
          <From>2</From>
          <To>2</To>
        </AttributeList>
        <ObjectList>
          <MultilingualText ID="7" CompositionName="Text">
            <ObjectList>
              <MultilingualTextItem ID="8" CompositionName="Items">
                <AttributeList>
                  <Culture>zh-CN</Culture>
                  <Text>
                    <body>
                      <p>关闭电机</p>
                    </body>
                  </Text>
                </AttributeList>
              </MultilingualTextItem>
            </ObjectList>
          </MultilingualText>
        </ObjectList>
      </Hmi.TextGraphicList.TextListEntry>
      <Hmi.TextGraphicList.TextListEntry ID="3" CompositionName="Entries">
        <AttributeList>
          <DefaultEntry>false</DefaultEntry>
          <EntryType>SingleValue</EntryType>
          <From>1</From>
          <To>1</To>
        </AttributeList>
        <ObjectList>
          <MultilingualText ID="4" CompositionName="Text">
            <ObjectList>
              <MultilingualTextItem ID="5" CompositionName="Items">
                <AttributeList>
                  <Culture>zh-CN</Culture>
                  <Text>
                    <body>
                      <p>启动电机</p>
                    </body>
                  </Text>
                </AttributeList>
              </MultilingualTextItem>
            </ObjectList>
          </MultilingualText>
        </ObjectList>
      </Hmi.TextGraphicList.TextListEntry>
      <MultilingualText ID="1" CompositionName="Comment">
        <ObjectList>
          <MultilingualTextItem ID="2" CompositionName="Items">
            <AttributeList>
              <Culture>zh-CN</Culture>
              <Text />
            </AttributeList>
          </MultilingualTextItem>
        </ObjectList>
      </MultilingualText>
    </ObjectList>
  </Hmi.TextGraphicList.TextList>
</Document>